City_ID,City,Country,Lat,Lng,Max Temp,Humidity,Cloudiness,Wind Speed
0,Busselton,AU,-33.65,115.3333,59.14,79,3,5.3
1,Honggang,CN,46.4667,124.8667,-4.45,87,11,9.1
2,Cidreira,BR,-30.1811,-50.2056,71.98,94,96,15.95
3,Jamestown,US,42.097,-79.2353,31.59,89,100,5.75
4,Rikitea,PF,-23.1203,-134.9692,74.7,76,100,9.91
5,Punta Arenas,CL,-53.15,-70.9167,57.31,47,75,28.77
6,Paredon,MX,16.0333,-93.8667,84.65,60,20,20.69
7,Broome,US,42.2506,-75.833,33.62,67,75,11.5
8,Airai,TL,-8.9266,125.4092,65.7,63,27,1.32
9,Taft,IR,31.7471,54.2088,46.35,43,20,6.91
10,Bredasdorp,ZA,-34.5322,20.0403,62.55,88,51,7.11
11,Progreso,MX,21.2833,-89.6667,79.09,82,3,18.97
12,Lasa,IT,46.6166,10.7002,38.28,79,95,0.85
13,Berbera,SO,10.4396,45.0143,77.9,79,2,4.18
14,Palmer,US,42.1584,-72.3287,38.75,52,40,20.71
15,Albany,US,42.6001,-73.9662,36.57,59,91,3.0
16,San Jeronimo,PE,-11.9472,-75.2829,60.58,47,14,3.18
17,Lazarev,RU,52.225,141.5131,-13.4,89,9,7.52
18,Mataura,NZ,-46.1927,168.8643,50.49,82,61,8.43
19,Atuona,PF,-9.8,-139.0333,78.01,70,9,20.24
20,Pevek,RU,69.7008,170.3133,16.68,95,98,13.47
21,Saskylakh,RU,71.9167,114.0833,-25.37,100,98,3.56
22,Egvekinot,RU,66.3167,-179.1667,29.43,99,100,11.23
23,Hobyo,SO,5.3505,48.5268,80.06,75,93,15.82
24,Barrow,US,71.2906,-156.7887,23.02,93,100,10.36
25,Qaanaaq,GL,77.484,-69.3632,-25.51,75,3,7.47
26,Sitka,US,57.0531,-135.33,30.09,80,100,10.36
27,Camopi,GF,3.1655,-52.3158,72.81,99,49,2.82
28,Etah,IN,27.6333,78.6667,60.06,46,36,2.04
29,Fushun,CN,41.8558,123.9233,10.11,43,0,5.37
30,Bambous Virieux,MU,-20.3428,57.7575,72.21,88,40,6.91
31,Port Hardy,CA,50.6996,-127.4199,28.58,74,40,6.91
32,Kapaa,US,22.0752,-159.319,82.72,57,0,12.66
33,Ostrovnoy,RU,68.0531,39.5131,26.13,92,100,11.83
34,Port Lincoln,AU,-34.7333,135.8667,66.94,69,0,10.89
35,Tasiilaq,GL,65.6145,-37.6368,24.04,73,84,7.2
36,Guerrero Negro,MX,27.9769,-114.0611,63.28,63,2,13.33
37,Inongo,CD,-1.95,18.2667,71.02,86,99,4.18
38,Hermanus,ZA,-34.4187,19.2345,60.8,87,40,9.28
39,Ribeira Grande,PT,38.5167,-28.7,57.78,64,74,13.0
40,Avarua,CK,-21.2078,-159.775,84.25,79,20,11.5
41,Butaritari,KI,3.0707,172.7902,80.89,78,26,16.71
42,Vaini,TO,-21.2,-175.2,84.36,74,20,5.75
43,Upernavik,GL,72.7868,-56.1549,-1.88,99,86,19.22
44,Katsuura,JP,35.1333,140.3,51.94,69,100,11.61
45,Klaksvik,FO,62.2266,-6.589,50.92,96,100,29.42
46,Kochki,RU,54.3358,80.4806,-6.41,90,42,7.11
47,Bluff,NZ,-46.6,168.3333,50.81,60,59,17.13
48,Kalmunai,LK,7.4167,81.8167,76.3,87,93,2.98
49,Beruwala,LK,6.4788,79.9828,77.18,84,66,0.96
50,Caravelas,BR,-17.7125,-39.2481,75.18,91,100,8.63
51,Hilo,US,19.7297,-155.09,84.27,76,100,9.22
52,Abu Samrah,SY,35.3029,37.1841,53.37,81,1,1.86
53,Saint-Philippe,RE,-21.3585,55.7679,72.99,80,18,3.83
54,Kristiinankaupunki,FI,62.2743,21.376,28.96,92,100,5.12
55,Baillif,GP,16.0202,-61.7463,78.3,78,4,10.31
56,Frontera,MX,26.9333,-101.45,65.32,45,0,3.0
57,Ushuaia,AR,-54.8,-68.3,55.06,50,75,13.8
58,Balikpapan,ID,-1.2675,116.8289,76.19,94,40,5.75
59,Geraldton,AU,-28.7667,114.6,63.01,82,75,3.44
60,Hithadhoo,MV,-0.6,73.0833,80.76,68,38,6.98
61,Ballitoville,ZA,-29.539,31.2144,71.24,83,0,9.22
62,Plymouth,US,41.8334,-70.8328,40.87,51,40,11.5
63,San Buenaventura,MX,27.0833,-101.5333,66.47,49,0,3.89
64,Gua Musang,MY,4.8823,101.9644,71.83,99,100,1.39
65,Svetlogorsk,BY,52.6333,29.7333,15.31,93,89,6.11
66,Dunedin,NZ,-45.8742,170.5036,52.81,64,25,18.01
67,Kahului,US,20.8947,-156.47,82.42,75,40,16.11
68,Huaihua,CN,27.5494,109.9592,31.35,89,97,1.39
69,Gorin,RU,51.1983,136.6669,-17.99,98,8,3.44
70,Kenai,US,60.5544,-151.2583,15.15,85,0,5.75
71,Byron Bay,AU,-28.65,153.6167,68.94,81,91,21.63
72,Kodiak,US,57.79,-152.4072,36.91,60,0,19.57
73,Gat,IL,31.61,34.7642,62.4,67,0,4.99
74,Cartagena Del Chaira,CO,1.3349,-74.8429,77.56,82,71,3.58
75,Lompoc,US,34.6391,-120.4579,59.14,72,100,17.27
76,Yining,CN,29.0361,114.5636,30.42,97,82,0.34
77,Rawson,AR,-43.3002,-65.1023,71.15,38,55,31.9
78,Acapulco,MX,16.8634,-99.8901,82.35,70,10,7.99
79,Fairbanks,US,64.8378,-147.7164,3.54,85,75,3.44
80,East London,ZA,-33.0153,27.9116,71.2,93,83,5.91
81,Meulaboh,ID,4.1363,96.1285,74.28,91,100,3.58
82,Yaan,NG,7.3833,8.5667,77.34,28,79,1.99
83,Suluq,LY,31.6682,20.2521,59.45,62,20,5.44
84,Dikson,RU,73.5069,80.5464,26.55,96,100,15.32
85,Laguna,US,38.421,-121.4238,51.3,94,100,9.22
86,Port Macquarie,AU,-31.4333,152.9167,66.88,74,100,14.07
87,Goderich,CA,43.7501,-81.7165,32.92,69,82,8.05
88,Hasaki,JP,35.7333,140.8333,48.22,78,100,12.93
89,Tiksi,RU,71.6872,128.8694,-9.83,96,100,10.94
90,Menongue,AO,-14.6585,17.691,66.25,68,16,4.32
91,Lata,PT,40.1629,-8.3327,42.08,76,0,4.0
92,Yellowknife,CA,62.456,-114.3525,-17.88,76,20,6.91
93,Ponta Do Sol,PT,32.6667,-17.1,67.01,74,28,7.38
94,Codrington,AU,-38.2667,141.9667,58.84,68,11,6.13
95,Port Alfred,ZA,-33.5906,26.891,66.18,90,54,1.99
96,Bethel,US,41.3712,-73.414,39.49,56,4,11.45
97,Tuatapere,NZ,-46.1333,167.6833,52.99,57,86,12.75
98,Nikolskoye,RU,59.7035,30.7861,15.8,87,99,3.4
99,Puerto Ayora,EC,-0.7393,-90.3518,78.76,90,82,5.99
100,Amurzet,RU,47.6967,131.0981,-3.95,88,100,7.07
101,Naze,JP,28.3667,129.4833,56.32,82,100,21.32
102,Villamontes,BO,-21.25,-63.5,70.14,88,97,4.56
103,Praia Da Vitoria,PT,38.7333,-27.0667,57.45,77,20,29.35
104,New Norfolk,AU,-42.7826,147.0587,62.92,54,68,1.01
105,Arraial Do Cabo,BR,-22.9661,-42.0278,75.16,94,75,20.71
106,Miandrivazo,MG,-19.5167,45.4667,77.86,78,52,0.54
107,Srednekolymsk,RU,67.45,153.6833,-23.91,91,91,9.64
108,Faya,SA,18.3851,42.4509,55.51,64,22,0.92
109,Oyama,JP,36.3,139.8,49.59,55,99,1.99
110,Likasi,CD,-10.9814,26.7333,60.58,96,4,2.35
111,Hobart,AU,-42.8794,147.3294,63.27,62,20,8.05
112,Hofn,IS,64.2539,-15.2082,45.41,92,100,17.81
113,Xining,CN,36.6167,101.7667,24.4,35,20,1.05
114,Padang,ID,-0.9492,100.3543,75.07,92,100,4.07
115,Tuktoyaktuk,CA,69.4541,-133.0374,-2.2,84,100,10.36
116,Baykit,RU,61.67,96.37,-23.21,98,47,2.68
117,Champua,IN,22.0833,85.6667,60.49,70,0,2.46
118,Przhevalskoye,RU,55.5093,31.8482,18.36,82,97,6.73
119,Nanortalik,GL,60.1432,-45.2371,21.36,73,4,16.04
120,Kloulklubed,PW,7.0419,134.2556,83.21,75,99,12.26
121,Kvarkeno,RU,52.0833,59.725,4.6,90,100,11.03
122,Munchberg,DE,50.2,11.7833,33.82,99,100,9.22
123,Gigmoto,PH,13.7796,124.39,80.73,82,76,12.66
124,Xiaoweizhai,CN,26.1903,107.5125,31.93,86,100,3.94
125,Inhambane,MZ,-23.865,35.3833,72.45,88,6,7.49
126,Salalah,OM,17.0151,54.0924,73.62,66,0,3.04
127,Vardo,NO,70.3705,31.1107,33.78,86,100,2.3
128,Grindavik,IS,63.8424,-22.4338,42.75,81,75,23.02
129,Elko,US,41.0002,-115.5012,41.02,74,99,7.9
130,Kaitangata,NZ,-46.2817,169.8464,50.81,73,42,12.44
131,Pangkalanbuun,ID,-2.6833,111.6167,74.1,96,99,1.9
132,Caluquembe,AO,-13.7833,14.6833,60.96,93,79,3.33
133,Christchurch,NZ,-43.5333,172.6333,53.8,71,75,13.8
134,Imeni Poliny Osipenko,RU,52.4201,136.4853,-22.59,98,12,3.13
135,Saint-Pierre,RE,-21.3393,55.4781,78.57,64,0,6.91
136,Talnakh,RU,69.4865,88.3972,1.56,99,100,3.78
137,Rodos,GR,36.4408,28.2225,59.79,93,40,2.3
138,Gamba,GA,-2.65,10.0,77.85,86,100,6.31
139,Luzhou,CN,28.8724,105.4405,43.11,81,88,0.36
140,Auki,SB,-8.7676,160.7034,80.46,86,98,7.54
141,Okhotsk,RU,59.3833,143.3,-3.87,98,100,6.93
142,Souillac,MU,-20.5167,57.5167,71.98,88,40,6.91
143,Ruangwa,TZ,-10.0667,38.9333,69.03,91,73,2.28
144,Bengkulu,ID,-3.8004,102.2655,74.68,89,100,3.38
145,Zanjan,IR,36.6736,48.4787,37.06,89,98,5.37
146,Muskogee,US,35.5834,-95.3336,51.15,37,27,10.02
147,Kavieng,PG,-2.5744,150.7967,83.7,70,95,5.5
148,Constitucion,CL,-35.3333,-72.4167,59.56,66,0,15.79
149,Ahipara,NZ,-35.1667,173.1667,63.46,70,91,10.56
150,Lavrentiya,RU,65.5833,-171.0,32.43,98,100,13.31
151,Esperance,AU,-33.8667,121.9,64.0,81,100,13.27
152,Lebanon,US,36.2081,-86.2911,46.27,59,0,0.0
153,Olafsvik,IS,64.8945,-23.7142,42.48,77,86,27.76
154,Rockland,US,41.1668,-74.0496,39.7,54,10,1.01
155,Khor,RU,47.8861,134.9464,-2.06,85,50,11.45
156,Sao Joao Da Barra,BR,-21.6403,-41.0511,75.29,91,100,18.5
157,Badarganj,BD,25.674,89.0549,63.16,61,0,4.9
158,Clyde River,CA,70.4692,-68.5914,-19.97,76,75,5.75
159,Samarai,PG,-10.6167,150.6667,83.46,71,100,2.89
160,Washougal,US,45.5826,-122.3534,42.8,82,92,5.99
161,Georgetown,MY,5.4112,100.3354,79.23,86,20,5.01
162,San Patricio,US,28.017,-97.5169,62.46,82,99,12.5
163,Victoria,HK,22.2855,114.1577,59.25,76,100,11.99
164,Borogontsy,RU,62.6683,131.1683,-28.62,98,100,1.01
165,Oranjemund,NA,-28.55,16.4333,62.17,94,14,8.23
166,Saint George,US,37.1041,-113.5841,56.43,37,0,1.01
167,Cape Town,ZA,-33.9258,18.4232,66.11,83,75,11.5
168,Sandwick,GB,60.0,-1.25,48.02,93,100,23.02
169,Jamu Mare,RO,45.2542,21.4169,39.0,100,100,1.14
170,Kiama,AU,-34.6833,150.8667,68.38,83,94,1.99
171,Shingu,JP,33.7333,135.9833,45.07,68,88,4.79
172,Chokurdakh,RU,70.6333,147.9167,-1.14,97,100,8.75
173,Norman Wells,CA,65.282,-126.8329,8.64,72,100,11.5
174,Belaya Gora,RU,68.5333,146.4167,-8.54,98,100,11.83
175,Mar Del Plata,AR,-38.0023,-57.5575,64.09,85,100,16.11
176,Mahebourg,MU,-20.4081,57.7,72.25,88,40,6.91
177,Midland,US,31.9974,-102.0779,60.06,47,0,11.5
178,Seymchan,RU,62.8833,152.4333,-30.1,99,99,2.13
179,Mamakan,RU,57.8161,114.0028,-6.77,82,100,11.43
180,Castro,BR,-24.7911,-50.0119,64.44,87,6,1.88
181,Kondopoga,RU,62.2057,34.2614,22.69,96,100,1.12
182,Millinocket,US,45.6573,-68.7098,31.41,66,57,10.33
183,Grand Gaube,MU,-20.0064,57.6608,72.37,76,5,5.01
184,Ondangwa,NA,-17.9167,15.95,73.4,27,10,2.3
185,Thai Binh,VN,20.45,106.3333,53.37,78,100,12.37
186,Yar-Sale,RU,66.8333,70.8333,-4.23,91,69,11.21
187,Udachnyy,RU,66.4167,112.4,-20.56,67,96,5.41
188,Kosh-Agach,RU,50.0,88.6667,-15.88,71,73,3.67
189,Chumikan,RU,54.7183,135.315,-11.83,78,12,22.32
190,Gandai,IN,21.6667,81.1,61.25,60,2,3.18
191,Syracuse,IT,37.0881,15.2792,53.19,68,6,2.3
192,Goroka,PG,-6.0834,145.3873,66.83,85,94,1.68
193,Sioux Lookout,CA,50.1001,-91.917,19.47,73,40,5.75
194,Ilulissat,GL,69.2167,-51.1,-7.35,83,16,8.7
195,Suicheng,CN,33.8963,117.9331,28.76,38,46,4.79
196,Bousso,TD,10.4795,16.7117,75.27,24,65,6.73
197,Korem,ET,12.5058,39.5228,47.01,49,0,2.13
198,Sechura,PE,-5.5569,-80.8222,72.45,70,9,15.08
199,Masterton,NZ,-40.9597,175.6575,59.56,69,73,5.03
200,Nipawin,CA,53.3668,-104.0009,-5.76,77,100,13.8
201,Kerema,PG,-7.9631,145.7785,77.72,87,98,9.17
202,Ixtapa,MX,20.7,-105.2,80.22,78,12,4.0
203,Hami,CN,42.8,93.45,16.02,21,100,1.61
204,Thompson,CA,55.7435,-97.8558,-14.64,70,40,2.3
205,Avera,US,33.194,-82.5271,48.54,45,94,5.7
206,Isangel,VU,-19.55,169.2667,84.31,74,82,8.05
207,Ondjiva,AO,-17.0667,15.7333,79.68,33,58,6.6
208,Nago,JP,26.5881,127.9761,64.45,77,100,17.6
209,Carupano,VE,10.6678,-63.2585,75.79,87,10,7.92
210,Amberieu-En-Bugey,FR,45.9589,5.3432,40.98,90,98,3.47
211,Ballangen,NO,68.3428,16.8315,32.22,100,100,1.14
212,Majalgaon,IN,19.15,76.2333,61.54,56,2,4.68
213,Kayerkan,RU,69.3497,87.7602,2.23,97,100,7.49
214,Margate,GB,51.3813,1.3862,47.7,80,87,1.01
215,North Bend,US,43.4065,-124.2243,44.08,90,75,12.66
216,Ourossogui,SN,15.6064,-13.3211,77.0,44,0,2.3
217,Alferrarede,PT,39.4833,-8.1667,48.11,82,0,3.98
218,Sawakin,SD,19.1059,37.3321,80.29,75,5,7.76
219,Chapais,CA,49.7834,-74.8492,19.18,88,100,15.3
220,Kirensk,RU,57.7853,108.1119,-9.56,96,100,6.29
221,Ekibastuz,KZ,51.6667,75.3667,-8.95,93,15,6.64
222,Lienz,AT,46.8289,12.769,40.19,97,98,1.54
223,Broken Hill,AU,-31.95,141.4333,72.72,38,0,12.73
224,Korla,CN,41.7597,86.1469,18.97,26,100,4.23
225,Cherskiy,RU,68.75,161.3,-19.62,98,92,4.85
226,Bibai,JP,43.3247,141.8586,27.54,89,96,6.62
227,La Macarena,CO,2.1837,-73.7849,77.43,79,70,6.31
228,Robertsport,LR,6.7533,-11.3686,80.53,78,90,8.39
229,Carnarvon,AU,-24.8667,113.6333,70.03,74,0,13.65
230,Qaqortoq,GL,60.7167,-46.0333,10.06,90,12,1.72
231,Kiunga,PG,-6.1219,141.2906,72.68,99,100,2.68
232,Polunochnoye,RU,60.8697,60.4153,-11.97,99,19,3.0
233,Dwarka,IN,22.2394,68.9678,73.54,55,0,6.53
234,Kaka,TM,37.3482,59.6143,40.21,77,100,2.19
235,Kibala,TD,9.1104,18.3463,73.35,60,0,3.44
236,Axim,GH,4.8699,-2.2405,78.69,84,85,7.34
237,Benguela,AO,-12.5763,13.4055,76.55,82,100,6.02
238,Lorengau,PG,-2.0226,147.2712,83.89,70,100,3.76
239,Los Llanos De Aridane,ES,28.6585,-17.9182,63.12,86,0,8.05
240,Manzhouli,CN,49.6,117.4333,-3.8,90,81,9.04
241,Bulawayo,ZW,-20.15,28.5833,56.86,45,21,4.76
242,Kapchorwa,UG,1.3965,34.4509,58.53,59,89,5.7
243,Haines Junction,CA,60.7522,-137.5108,13.95,67,100,3.44
244,San Ramon,US,37.7799,-121.978,50.41,92,100,0.0
245,Puerto Del Rosario,ES,28.5004,-13.8627,65.95,88,40,14.97
246,Luderitz,NA,-26.6481,15.1594,63.03,85,0,19.15
247,Hambantota,LK,6.1241,81.1185,76.1,87,68,7.81
248,Bakel,SN,14.905,-12.4568,82.96,16,84,7.34
249,Naldurg,IN,17.8167,76.3,66.06,61,0,9.1
250,Port Hedland,AU,-20.3167,118.5667,84.25,79,81,10.36
251,Casablanca,MA,33.5928,-7.6192,59.22,88,8,9.69
252,Churapcha,RU,62.0025,132.4325,-29.67,99,100,1.97
253,Pisco,PE,-13.7,-76.2167,71.65,68,0,19.57
254,Parli,IN,18.8486,76.5297,63.79,56,3,2.66
255,Tkibuli,GE,42.3477,42.9981,43.84,73,93,17.43
256,Kalach-Na-Donu,RU,48.691,43.5264,24.06,64,60,10.27
257,Crixas,BR,-14.5489,-49.9692,74.14,85,53,4.83
258,Moron,AR,-34.6534,-58.6198,73.29,65,73,10.13
259,Surt,LY,31.2089,16.5887,61.39,44,16,8.41
260,Thinadhoo,MV,0.5333,72.9333,80.55,71,51,6.08
261,Riyadh,SA,24.6877,46.7219,60.94,33,7,3.2
262,Saint-Augustin,CA,51.226,-58.6502,35.62,99,100,13.65
263,Iqaluit,CA,63.7506,-68.5145,6.53,84,100,18.01
264,Southbridge,US,42.0751,-72.0334,38.26,61,25,4.0
265,Kamaishi,JP,39.2667,141.8833,37.45,70,79,6.6
266,Mongo,TD,12.1844,18.693,76.1,23,70,6.06
267,Conde,BR,-7.2597,-34.9075,80.06,74,40,9.22
268,Port-Gentil,GA,-0.7193,8.7815,80.56,89,20,9.22
269,Ostrogozhsk,RU,50.8664,39.0756,25.03,74,100,9.82
270,Laurinburg,US,34.7741,-79.4628,48.74,59,35,5.7
271,Ternate,ID,0.8,127.4,80.62,78,68,3.42
272,Alofi,NU,-19.0595,-169.9187,84.09,74,75,5.75
273,Leningradskiy,RU,69.3833,178.4167,26.83,83,100,8.95
274,Alice Springs,AU,-23.7,133.8833,80.15,18,0,9.22
275,Gondanglegi,ID,-7.7479,112.0132,74.16,85,100,10.18
276,Tura,IN,25.5198,90.2201,59.95,78,0,3.67
277,Balkhash,KZ,46.844,74.9804,17.11,95,99,2.57
278,Hulan,CN,45.9833,126.6,1.51,81,6,10.13
279,Tiznit,MA,29.5833,-9.5,55.35,88,98,2.21
280,Carutapera,BR,-1.195,-46.02,78.93,82,59,10.56
281,Wenatchee,US,47.4235,-120.3103,33.84,84,98,1.01
282,Tilichiki,RU,60.4667,166.1,11.21,95,94,1.21
283,Narsaq,GL,60.9167,-46.05,8.47,78,34,4.25
284,Tombouctou,ML,20.0,-3.0,67.71,17,98,3.44
285,Kangaba,ML,11.9333,-8.4167,76.62,26,54,2.13
286,Raudeberg,NO,61.9875,5.1352,39.87,66,4,9.53
287,Vila Velha,BR,-20.3297,-40.2925,75.15,97,100,13.8
288,Stabat,ID,3.761,98.4513,75.4,96,100,3.53
289,Les Cayes,HT,18.2,-73.75,77.27,67,0,9.64
290,Krasnoselkup,RU,65.7,82.4667,-4.31,98,100,9.95
291,Hay River,CA,60.8156,-115.7999,-11.22,70,40,4.61
292,Sangar,RU,63.9242,127.4739,-27.18,95,100,5.68
293,Sur,OM,22.5667,59.5289,73.11,48,81,5.82
294,Tiassale,CI,5.8983,-4.8283,74.17,96,77,3.18
295,Port Alberni,CA,49.2413,-124.8028,30.79,81,1,1.72
296,Kudahuvadhoo,MV,2.6708,72.8944,79.63,73,98,3.33
297,Fukue,JP,32.6881,128.8419,49.86,63,100,15.43
298,Nyurba,RU,63.2842,118.3319,-8.55,95,100,7.61
299,Krabi,TH,8.0726,98.9105,75.4,100,75,6.91
300,Hamilton,US,39.1834,-84.5333,37.44,59,95,1.01
301,Daru,PG,-9.0763,143.2092,76.84,90,100,13.06
302,Kirakira,SB,-10.4544,161.9205,83.46,75,99,5.82
303,Benghazi,LY,32.1167,20.0667,63.88,63,21,7.9
304,Beyneu,KZ,45.3167,55.2,24.1,30,0,5.1
305,Dhidhdhoo,MV,6.8833,73.1,79.77,77,12,4.07
306,Zhuanghe,CN,39.7008,122.9911,23.09,38,4,2.51
307,Graham,US,47.0529,-122.2943,35.13,86,100,1.01
308,Bilma,NE,18.6853,12.9164,67.5,25,47,6.67
309,Georgiyevka,KZ,43.0369,74.7114,23.04,86,100,8.95
310,Faanui,PF,-16.4833,-151.75,80.64,78,83,19.51
311,Zeya,RU,53.75,127.2667,-29.72,98,71,2.33
312,Khatanga,RU,71.9667,102.5,10.15,94,99,13.18
313,Pringsewu,ID,-5.3582,104.9744,72.21,92,99,3.4
314,Cabo San Lucas,MX,22.8909,-109.9124,84.61,63,100,2.82
315,Vytegra,RU,61.0064,36.4481,16.16,85,100,2.89
316,Henties Bay,NA,-22.116,14.2845,60.4,93,1,6.85
317,Itarema,BR,-2.9248,-39.9167,80.02,76,13,15.46
318,Chuy,UY,-33.6971,-53.4616,70.02,94,44,6.67
319,Mayo,US,38.8876,-76.5119,43.18,49,0,12.66
320,Berlevag,NO,70.8578,29.0864,30.15,86,0,5.75
321,Port Elizabeth,ZA,-33.918,25.5701,64.69,92,0,8.05
322,Maragogi,BR,-9.0122,-35.2225,78.15,81,51,11.43
323,Vanimo,PG,-2.6741,141.3028,80.33,85,100,5.82
324,Flin Flon,CA,54.7682,-101.865,-4.67,96,100,7.72
325,Nome,US,64.5011,-165.4064,22.15,86,100,11.5
326,Wasilla,US,61.5814,-149.4394,15.73,87,20,0.0
327,Lebu,CL,-37.6167,-73.65,55.45,75,0,18.72
328,Sulangan,PH,11.1373,123.7228,81.68,81,60,16.6
329,Karasburg,NA,-28.0167,18.75,65.77,34,4,15.03
330,Taltal,CL,-25.4,-70.4833,65.52,75,25,6.6
331,Nouakchott,MR,18.0858,-15.9785,69.82,68,63,13.42
332,Antsohihy,MG,-14.8796,47.9875,74.08,92,26,2.35
333,Anzio,IT,41.4853,12.6179,52.0,69,29,4.34
334,Provideniya,RU,64.3833,-173.3,35.71,93,100,13.42
335,Guapo,BR,-16.8306,-49.5319,74.82,62,66,4.14
336,Victor Harbor,AU,-35.5667,138.6167,70.68,71,0,7.87
337,Mirabela,BR,-16.2628,-44.1644,68.45,88,79,2.15
338,Aykhal,RU,66.0,111.5,-20.22,100,100,6.91
339,Araxa,BR,-19.5933,-46.9406,73.36,73,0,11.5
340,Sakakah,SA,29.9697,40.2064,57.88,58,5,6.76
341,Merauke,ID,-8.4667,140.3333,79.75,85,100,14.27
342,Barcelos,PT,41.5388,-8.6151,50.85,69,8,5.88
343,Fortuna,US,40.5982,-124.1573,48.65,87,20,5.75
344,Vestmannaeyjar,IS,63.4427,-20.2734,44.37,66,100,23.49
345,Porto Velho,BR,-8.7619,-63.9039,73.45,94,40,1.14
346,Mbumi,TZ,-7.9058,39.2105,73.38,93,51,3.11
347,Kelvington,CA,52.1667,-103.5343,0.61,95,100,8.19
348,Ussel,FR,45.55,2.3167,32.88,94,72,4.68
349,Acarigua,VE,9.5545,-69.1956,77.32,62,0,8.39
350,Vao,NC,-22.6667,167.4833,78.89,86,98,21.39
351,Delijan,IR,33.9905,50.6838,47.53,54,19,2.48
352,Keflavik,IS,64.0049,-22.5624,41.43,81,75,23.02
353,Medicine Hat,CA,50.0501,-110.6683,1.72,74,100,9.82
354,Jizan,SA,17.3333,42.6667,79.34,72,6,1.36
355,Basse-Pointe,MQ,14.8695,-61.115,78.85,70,6,15.23
356,Nakhon Thai,TH,17.1006,100.8374,70.66,96,88,3.74
357,Namibe,AO,-15.1961,12.1522,70.77,74,100,3.49
358,Nanuque,BR,-17.8392,-40.3539,74.05,96,98,8.63
359,Oktyabrskoye,RU,43.0645,44.7417,30.34,100,100,2.24
360,Ventspils,LV,57.3894,21.5606,30.13,93,100,5.75
361,Tual,ID,-5.6667,132.75,82.45,72,100,7.52
362,Bubaque,GW,11.2833,-15.8333,81.63,63,61,15.68
363,Hervey Bay,AU,-25.2986,152.8535,69.62,70,76,17.25
364,Saurimo,AO,-9.6608,20.3916,64.33,99,100,1.34
365,Esmeraldas,BR,-19.7625,-44.3139,70.66,78,81,6.15
366,Erzin,TR,36.9559,36.2,58.44,74,23,3.29
367,Zilair,RU,52.2332,57.4392,6.35,91,100,8.66
368,Moranbah,AU,-22.0016,148.0466,69.8,63,72,8.39
369,La Ronge,CA,55.1001,-105.2842,-7.76,96,100,4.03
370,Astana,KZ,51.1801,71.446,-5.85,71,0,13.42
371,Ust-Kuyga,RU,70.0167,135.6,-8.19,99,100,5.91
372,Sola,VU,-13.8833,167.55,82.6,75,32,14.85
373,Saint Joseph,US,39.7686,-94.8466,47.55,37,6,17.92
374,Torbay,CA,47.6666,-52.7314,44.38,93,100,26.46
375,Dingle,PH,10.9995,122.6711,77.11,92,81,9.71
376,Tyulgan,RU,52.3405,56.166,9.48,96,99,5.01
377,Touros,BR,-5.1989,-35.4608,79.18,71,27,12.39
378,Dum Duma,IN,27.5667,95.5667,56.64,80,0,2.39
379,Sao Filipe,CV,14.8961,-24.4956,74.05,65,100,13.06
380,Cayenne,GF,4.9333,-52.3333,80.64,78,75,4.61
381,Prince Rupert,CA,54.3161,-130.3201,26.29,52,75,16.11
382,Kutum,SD,14.2,24.6667,66.97,29,81,6.06
383,Moissala,TD,8.3404,17.7663,80.92,29,93,4.34
384,Urumqi,CN,43.801,87.6005,4.15,85,100,2.24
385,Sistranda,NO,63.7256,8.834,33.76,77,1,8.39
386,Pouembout,NC,-21.1333,164.9,88.95,59,98,5.23
387,Yumaguzino,RU,52.9041,56.3933,8.06,94,97,4.45
388,Yulara,AU,-25.2406,130.9889,81.86,16,0,8.97
389,Hashtrud,IR,37.4779,47.0508,39.94,90,100,5.17
390,Tortoli,IT,39.9256,9.6572,53.22,78,97,1.03
391,Tucurui,BR,-3.7661,-49.6725,76.71,90,95,1.66
392,Klyuchi,RU,52.2667,79.1667,-4.32,95,10,8.75
393,Dhanera,IN,24.5167,72.0167,62.13,32,0,4.61
394,Batagay,RU,67.6333,134.6333,-21.84,98,100,3.02
395,Dharchula,IN,29.85,80.5333,52.77,20,47,7.27
396,Nova Vicosa,BR,-17.8919,-39.3719,75.61,90,100,9.46
397,Magnolia,US,33.2671,-93.2393,49.87,43,96,4.43
398,Nhulunbuy,AU,-12.2333,136.7667,84.81,79,100,4.61
399,Eureka,US,40.8021,-124.1637,48.92,79,100,5.01
400,Ca Mau,VN,9.1769,105.15,76.01,87,100,7.72
401,Fare,PF,-16.7,-151.0167,80.47,78,79,18.57
402,Belmonte,BR,-15.8631,-38.8828,76.77,88,100,15.66
403,Caudry,FR,50.1249,3.4119,39.43,100,100,7.96
404,Flagstaff,US,35.1981,-111.6513,51.53,38,63,7.0
405,Balcani,RO,46.6333,26.55,33.1,95,100,1.77
406,Beisfjord,NO,68.3751,17.5988,32.05,87,48,7.38
407,Iracoubo,GF,5.4802,-53.2011,78.17,84,64,10.45
408,Husavik,IS,66.0449,-17.3389,35.89,73,3,10.56
409,San Carlos Del Zulia,VE,9.0,-71.9135,75.7,87,11,4.16
410,Muros,ES,42.7762,-9.0603,45.09,88,4,5.39
411,Seeboden,AT,46.8219,13.495,41.11,99,100,1.99
412,Carlsbad,US,33.1581,-117.3506,62.24,61,100,3.0
413,Xiongzhou,CN,25.1167,114.3,37.69,96,100,4.83
414,Kijang,KR,35.2442,129.2139,34.97,38,96,3.87
415,Kidal,ML,18.4411,1.4078,75.31,19,82,6.49
416,Hue,VN,16.4667,107.6,75.31,94,100,11.5
417,Whitehorse,CA,60.7161,-135.0538,2.01,95,100,8.14
418,Kurchum,KZ,48.5722,83.6542,5.99,81,100,1.34
419,Coquimbo,CL,-29.9533,-71.3436,60.51,82,16,7.29
420,Markova,UA,48.6758,24.4138,24.33,95,99,1.52
421,Russell,US,32.3502,-85.1999,55.0,40,0,3.44
422,Cap Malheureux,MU,-19.9842,57.6142,72.46,76,4,5.01
423,Hualmay,PE,-11.0964,-77.6139,69.48,80,10,8.23
424,Trojes,AL,41.756,19.962,48.69,82,100,4.68
425,Awbari,LY,26.5921,12.7805,56.98,30,100,10.25
426,Severo-Kurilsk,RU,50.6789,156.125,27.55,73,83,10.2
427,Carnduff,CA,49.1667,-101.8009,14.38,89,89,4.14
428,Mkushi,ZM,-13.6202,29.3939,61.11,88,2,3.96
429,Novobiryusinskiy,RU,56.9578,97.7076,-15.97,100,82,2.57
430,Curuca,BR,-0.7289,-47.8481,77.25,86,90,6.53
431,Buala,SB,-8.145,159.5921,80.51,83,100,4.68
432,Catamarca,AR,-28.4696,-65.7852,74.07,62,100,0.47
433,Tirumala,IN,13.6833,79.35,63.55,92,1,1.7
434,Omboue,GA,-1.5746,9.2618,78.12,88,100,4.0
435,Hauterive,FR,46.0901,3.4459,41.76,80,99,4.18
436,Ashdod,IL,31.8167,34.65,60.22,69,0,7.27
437,Aklavik,CA,68.2191,-135.0107,8.64,85,100,7.36
438,Deder,ET,9.3167,41.45,52.09,45,30,2.73
439,Funehiki,JP,37.4333,140.5833,37.74,73,100,7.02
440,Bulaevo,KZ,54.9056,70.4439,-5.53,93,14,7.16
441,Neiafu,TO,-18.65,-173.9833,80.73,77,68,8.21
442,Makakilo City,US,21.3469,-158.0858,80.62,60,5,4.36
443,Wattegama,LK,6.7989,81.4808,72.39,94,79,3.2
444,Tezu,IN,27.9167,96.1667,61.07,38,0,4.41
445,Tabuk,PH,17.4189,121.4443,73.35,86,55,2.04
446,Ketchikan,US,55.3422,-131.6461,26.58,58,100,0.0
447,Chicama,PE,-7.8447,-79.1469,64.94,74,18,7.11
448,Northam,GB,51.0333,-4.2167,40.68,87,15,7.0
449,Pacifica,US,37.6138,-122.4869,52.11,81,75,11.5
450,San Julian,MX,21.0167,-102.1667,73.11,33,10,5.53
451,Saldanha,ZA,-33.0117,17.9442,62.65,85,32,12.3
452,Comodoro Rivadavia,AR,-45.8667,-67.5,70.83,31,100,28.41
453,Ahuimanu,US,21.4447,-157.8378,81.79,67,20,4.0
454,Kruisfontein,ZA,-34.0033,24.7314,61.88,86,5,4.47
455,Freeport,US,40.6576,-73.5832,41.97,49,0,13.8
456,Salinas,US,36.6777,-121.6555,52.99,82,100,8.05
457,Jumla,NP,29.2747,82.1838,40.8,29,8,5.32
458,Leh,IN,34.1667,77.5833,23.5,42,99,2.39
459,Rio Cuarto,AR,-33.1307,-64.3499,74.97,38,0,14.97
460,Antofagasta,CL,-23.65,-70.4,64.76,80,15,7.02
461,Sherlovaya Gora,RU,50.5667,116.25,-3.66,94,99,13.35
462,Kismayo,SO,-0.3582,42.5454,78.75,82,97,12.66
463,Mikhaylovka,RU,50.06,43.2379,20.5,80,73,7.43
464,Borovoy,RU,55.4333,86.0833,4.28,85,100,8.95
465,Sobolevo,RU,54.4299,31.8996,15.69,88,100,8.61
466,Mocuba,MZ,-16.8392,36.9856,69.21,81,26,2.24
467,Labuhan,ID,-6.8844,112.2051,77.04,80,99,12.73
468,Bucerias,MX,20.75,-105.3333,79.99,79,17,5.32
469,College,US,64.8569,-147.8028,5.32,86,75,4.61
470,Banda Aceh,ID,5.5577,95.3222,77.2,77,100,5.77
471,Tautira,PF,-17.7333,-149.15,79.38,81,89,17.0
472,Vila Franca Do Campo,PT,37.7167,-25.4333,58.19,75,71,21.79
473,Qasigiannguit,GL,68.8193,-51.1922,-4.61,89,51,7.67
474,Brae,GB,60.3964,-1.353,48.02,91,100,25.99
475,Fuyu,CN,45.1833,124.8167,4.08,62,0,12.03
476,Alihe,CN,50.5667,123.7167,-8.84,97,100,0.92
477,Aripuana,BR,-9.1667,-60.6333,74.93,84,100,2.95
478,Harper,LR,4.375,-7.7169,77.95,85,100,5.23
479,Khani,GE,41.9563,42.9566,42.37,74,93,5.91
480,Locri,IT,38.2414,16.2623,54.1,76,26,5.35
481,Nelson Bay,AU,-32.7167,152.15,70.09,67,100,8.99
482,Uglovskoye,RU,51.3557,80.1942,-9.06,96,17,6.31
483,Impfondo,CG,1.6381,18.0667,69.51,98,95,1.92
484,Chapeco,BR,-27.0964,-52.6183,66.6,92,72,0.63
485,Eskilstuna,SE,59.3666,16.5077,31.78,97,100,4.92
486,Bonthe,SL,7.5264,-12.505,78.84,82,93,5.86
487,Seoul,KR,37.5683,126.9778,20.64,17,1,4.05
488,Tieli,CN,46.95,128.05,-9.94,96,39,6.73
489,Araouane,ML,18.9048,-3.5265,71.73,15,67,6.24
490,Medyn,RU,54.9692,35.8586,18.14,88,100,5.35
491,Taree,AU,-31.9,152.4667,65.07,81,100,7.67
492,Ericeira,PT,38.9627,-9.4156,55.35,93,0,6.96
493,Tunceli,TR,39.1083,39.5471,46.72,78,45,3.15
494,Synya,RU,65.3718,58.0387,-3.15,96,61,8.81
495,Taoudenni,ML,22.6783,-3.9836,66.81,12,24,4.72
496,Nouadhibou,MR,20.931,-17.0347,64.72,80,80,20.24
497,Atar,MR,20.5169,-13.0499,70.23,18,18,6.51
498,Kropotkin,RU,45.4375,40.5756,36.88,66,100,22.7
499,Cangucu,BR,-31.395,-52.6756,68.4,94,65,4.23
500,Kindu,CD,-2.95,25.95,65.44,99,98,1.7
501,Lawrenceburg,US,38.0373,-84.8966,37.98,58,0,3.44
502,Susanville,US,40.4163,-120.653,33.8,84,75,12.66
503,Katobu,ID,-4.9408,122.5276,78.35,87,94,2.73
504,Fenoarivo,MG,-18.933,47.4354,64.47,94,75,2.3
505,Amuntai,ID,-2.4177,115.2494,74.46,96,90,0.22
506,Wronki,PL,52.7105,16.3804,36.61,75,100,7.34
507,Zubova Polyana,RU,54.0771,42.8372,14.83,93,100,2.93
508,Paamiut,GL,61.994,-49.6678,13.26,62,26,8.08
509,Truro,GB,50.2653,-5.0544,43.88,87,56,11.5
510,Petukhovo,RU,55.0692,67.9019,-1.21,82,68,7.36
511,Schmelz,DE,49.4333,6.85,38.7,93,100,4.65
512,Liberia,LR,6.5,-9.5,72.61,98,100,4.45
513,Preobrazheniye,RU,42.9019,133.9064,11.14,59,0,8.37
514,Pedasi,PA,7.5333,-80.0333,78.06,80,70,8.25
515,Goure,NE,13.9835,10.2704,67.05,24,5,8.77
516,Pokhara,NP,28.2333,83.9833,56.61,41,0,4.72
517,Zhongshu,CN,24.5167,103.7667,40.96,96,100,3.76
518,Gerede,TR,40.8008,32.1969,41.68,91,84,1.88
519,Visnes,NO,59.3556,5.2242,38.21,93,75,8.05
520,Karratha,AU,-20.7377,116.8463,83.91,42,70,13.04
521,Cockburn Town,TC,21.4612,-71.1419,80.08,67,0,22.19
522,Puerto Cabezas,NI,14.0351,-83.3888,75.16,94,40,9.22
523,San Cristobal,VE,7.7669,-72.225,68.18,94,25,4.21
524,Oktyabrskiy,RU,54.4815,53.471,-0.67,100,98,3.56
525,Neryungri,RU,56.6709,124.6491,-20.65,97,100,3.87
526,Del Pilar,PH,15.0333,120.7,80.37,82,100,5.75
527,Garwa,IN,24.1833,83.8167,55.06,59,0,2.51
528,Nara,JP,34.6851,135.8049,45.5,46,46,6.8
529,San Juan,AR,-31.5375,-68.5364,81.18,26,32,5.79
530,Thaton,MM,16.9206,97.3714,74.05,93,98,4.23
531,Bouca,CF,6.5105,18.2733,78.48,48,100,3.06
532,Novaya Ladoga,RU,60.1025,32.3019,19.09,82,99,4.61
533,Longyearbyen,SJ,78.2186,15.6401,42.64,65,75,9.22
534,Tabou,CI,4.423,-7.3528,77.97,85,100,4.83
535,Vagay,RU,57.9375,69.0217,-10.07,95,13,2.66
536,San Bartolome De Tirajana,ES,27.9248,-15.5733,57.67,76,75,5.75
537,Portland,US,45.5234,-122.6762,43.56,79,40,12.66
538,Spokane,US,47.6166,-117.3677,31.33,83,100,11.5
539,Vila Do Maio,CV,15.1333,-23.2167,74.48,64,97,15.52
540,Forbes,AU,-33.3833,148.0167,68.34,39,1,6.85
541,Flinders,AU,-34.5833,150.8552,69.19,74,95,7.0
542,Vostok,RU,46.4856,135.8833,-12.89,97,82,5.59
543,Pacific Grove,US,36.6177,-121.9166,51.64,90,100,10.0
544,Mogadishu,SO,2.0371,45.3438,79.74,76,99,12.17
545,Rocha,UY,-34.4833,-54.3333,69.3,96,48,5.59
546,West Wendover,US,40.7391,-114.0733,51.01,35,100,13.8
547,Mananjary,MG,-21.2167,48.3333,71.47,93,25,4.14
548,Veraval,IN,20.9,70.3667,73.18,57,0,4.99
549,Bela,IN,25.9333,81.9833,57.6,40,0,2.55
550,Mount Gambier,AU,-37.8333,140.7667,61.3,55,8,5.86
551,Nuuk,GL,64.1835,-51.7216,20.01,49,40,20.71
552,Santa Cruz,BO,-17.8,-63.1667,86.05,45,75,9.22
553,Lagos,NG,6.5833,3.75,77.76,88,45,4.27
554,Jagdalpur,IN,19.0667,82.0333,61.77,83,1,1.9
555,Santa Rosa,PH,14.3122,121.1114,80.58,80,100,13.78
556,Bathsheba,BB,13.2167,-59.5167,81.21,74,40,18.41
557,Santona,ES,43.4439,-3.4576,46.6,74,100,5.01
558,Camanducaia,BR,-22.7553,-46.1447,64.94,89,39,4.23
559,Boshkengash,TJ,38.4661,68.8053,44.94,93,75,4.47
560,Aksu,CN,41.1231,80.2644,22.06,23,100,1.7
561,Soyo,AO,-6.1349,12.3689,78.82,87,98,8.66
562,Concepcion,CL,-36.827,-73.0498,62.4,55,0,17.27
563,Quatre Cocos,MU,-20.2078,57.7625,72.09,77,32,6.31
564,Noumea,NC,-22.2763,166.4572,91.38,99,86,6.08
565,Luanda,AO,-8.8368,13.2343,78.8,83,75,8.05
566,Yankton,US,42.8711,-97.3973,39.45,65,0,10.36
567,Luganville,VU,-15.5333,167.1667,86.25,69,96,11.88
568,Teknaf,BD,20.8624,92.3058,71.91,73,0,7.02
569,Coihaique,CL,-45.5752,-72.0662,53.55,62,75,3.44
570,Wajima,JP,37.4,136.9,39.92,93,100,11.97
571,Unidad,PH,8.535,126.2306,76.03,95,100,1.39
572,Matara,LK,5.9485,80.5353,74.75,91,62,3.74
573,Nador,MA,35.174,-2.9287,55.65,94,75,5.75
574,Santo Domingo,DO,18.5001,-69.9886,79.03,85,40,9.22
575,Acajutla,SV,13.5928,-89.8275,82.44,70,97,3.22
576,Kamuli,UG,0.9472,33.1197,61.93,91,54,3.18
577,Santa Maria Del Oro,MX,25.9333,-105.3667,77.2,22,1,6.38
578,Ponta Delgada,PT,37.7333,-25.6667,58.5,88,40,23.02
579,Saint-Jean-Port-Joli,CA,47.2171,-70.2658,28.8,63,85,20.47
580,Marzuq,YE,14.4,46.4667,62.11,46,0,1.92
581,Anloga,GH,5.7947,0.8973,80.69,81,98,9.48
582,Dongsheng,CN,39.8161,109.9776,14.65,26,72,13.98
583,Adwa,ET,14.1646,38.8955,55.69,43,0,4.5
584,Saint-Joseph,RE,-21.3667,55.6167,77.47,80,13,3.13
585,Tateyama,JP,34.9833,139.8667,52.11,62,100,15.08
586,Skelleftea,SE,64.7507,20.9528,30.56,100,100,3.44
587,Dangriga,BZ,16.9692,-88.2321,77.92,84,100,7.96
588,Cody,US,44.5263,-109.0565,41.22,56,0,20.71
589,Alice,US,27.7523,-98.0697,58.57,97,100,4.61
590,Jati,PK,24.3539,68.2671,68.36,23,0,5.21
591,Coolum Beach,AU,-26.5333,153.1,72.1,75,92,19.19
592,Makat,KZ,47.6469,53.3463,24.37,46,0,4.92
593,Kununurra,AU,-15.7667,128.7333,80.58,65,56,0.0
594,Mandalgovi,MN,45.7625,106.2708,2.97,46,0,14.0
595,Port-Cartier,CA,50.0334,-66.8654,26.82,79,59,15.21
596,Mwinilunga,ZM,-11.7358,24.4293,60.87,95,19,3.33
597,Jiancheng,CN,30.391,104.5491,38.23,91,40,1.7
598,Cervo,ES,43.6702,-7.4101,53.96,80,5,15.79
599,Saint Anthony,US,45.0205,-93.218,32.25,64,0,13.8
600,Puerto Narino,CO,-3.7703,-70.3831,76.51,91,75,3.33
601,Kasane,BW,-17.8167,25.15,67.91,31,0,2.53
602,Mmabatho,ZA,-25.85,25.6333,75.92,33,32,0.65
603,Dulian,PH,7.1214,122.1789,79.92,83,97,4.79
604,Gurupa,BR,-1.405,-51.64,78.44,83,99,3.98
605,Buraydah,SA,26.326,43.975,62.01,64,3,9.26
606,Ugoofaaru,MV,5.6667,73.0,80.01,76,82,3.11
607,Rovaniemi,FI,66.5,25.7167,27.81,93,100,3.44
608,Ulaangom,MN,49.9811,92.0667,-17.88,92,87,2.93
609,Chernyakhiv,UA,50.4565,28.6702,19.31,91,99,4.9
610,Douentza,ML,14.9951,-2.9517,78.82,15,98,2.89
611,Atyrau,KZ,47.1167,51.8833,10.42,85,0,6.71
612,Parfenyevo,RU,58.484,43.4088,5.86,98,92,1.52
613,Abapo,BO,-18.8333,-63.4667,67.87,80,97,3.89
614,Anshun,CN,26.25,105.9333,33.39,81,100,3.44
615,Ostersund,SE,63.1792,14.6357,30.65,100,100,11.01
616,Baruun-Urt,MN,46.6806,113.2792,-9.02,91,54,5.79
617,Caiaponia,BR,-16.9567,-51.8103,71.8,71,77,3.02
618,Tsabong,BW,-26.0217,22.401,81.64,28,29,10.51
619,Izhma,RU,65.0083,53.9113,7.38,96,100,7.11
620,Lagoa,PT,39.05,-27.9833,56.77,48,66,26.87
621,Nishiwaki,JP,34.9833,134.9667,40.37,86,100,3.42
622,Nuevo Progreso,MX,23.1667,-97.95,71.89,71,97,5.73
623,Eyl,SO,7.9803,49.8164,78.55,77,93,14.67
624,Nantucket,US,41.2835,-70.0995,42.91,47,20,19.57
625,Gornopravdinsk,RU,60.05,69.9,-14.26,95,21,1.32
626,Vega De Alatorre,MX,20.0333,-96.6333,73.33,84,79,9.01
627,Bac Lieu,VN,9.285,105.7244,78.62,82,100,16.28
628,Omsukchan,RU,62.5333,155.8,-11.87,100,100,6.6
629,Purpe,RU,64.4803,76.6897,-7.31,89,77,9.91
630,Phan Thiet,VN,10.9333,108.1,76.28,72,100,6.55
631,Owando,CG,-0.4819,15.8999,70.97,87,98,1.48
632,Manta,EC,-0.95,-80.7333,73.18,83,100,8.05
633,Elizabeth City,US,36.2946,-76.2511,43.02,64,0,5.75
634,Ornskoldsvik,SE,63.2909,18.7153,32.95,100,100,3.44
635,Chernyshevsk,RU,52.5243,117.0174,-10.64,95,100,3.06
636,Polson,US,47.6936,-114.1632,31.48,69,100,4.0
637,Rock Sound,BS,24.9,-76.2,78.44,68,57,23.09
638,Chaumont,FR,48.1167,5.1333,33.96,92,54,6.02
639,Kalemie,CD,-5.9475,29.1947,68.09,90,100,3.22
640,Puerto Carreno,CO,6.189,-67.4859,78.42,63,8,13.69
641,Amapa,BR,1.0,-52.0,72.23,98,83,2.77
642,Bilibino,RU,68.0546,166.4372,9.63,98,100,2.3
643,Nyergesujfalu,HU,47.7603,18.5569,37.09,74,98,1.48
644,Tahta,EG,26.7693,31.5021,61.2,41,0,6.67
645,Valdivia,CL,-39.8142,-73.2459,62.69,60,28,3.47
646,Swabi,PK,34.1199,72.4699,58.55,27,100,3.04
647,Kayasula,RU,44.325,45.0,35.69,65,68,15.59
648,Marquette,US,46.5333,-87.6335,25.68,64,100,12.68
649,Kolokani,ML,13.5728,-8.0339,74.62,22,60,5.46
650,Gustrow,DE,53.7972,12.1734,34.12,86,32,3.44
651,Sept-Iles,CA,50.2001,-66.3821,25.77,80,73,15.79
652,Talcahuano,CL,-36.7167,-73.1167,62.28,55,0,17.27
653,Petropavlovsk-Kamchatskiy,RU,53.0452,158.6483,14.59,86,75,2.24
654,Lidkoping,SE,58.5052,13.1577,36.41,96,100,7.61
655,Pudem,RU,58.3044,52.1675,1.89,98,45,3.8
656,Arroyo,ES,41.6096,-4.7969,38.59,85,0,12.66
657,Kagalnitskaya,RU,46.8806,40.1466,30.6,58,99,20.49
658,Kungurtug,RU,50.5994,97.5228,-16.98,100,100,0.07
659,Iskateley,RU,67.6803,53.1512,18.28,96,100,8.97
660,Pasighat,IN,28.0667,95.3333,60.46,55,0,3.42
661,Porbandar,IN,21.6422,69.6093,72.0,48,0,7.9
662,Bellmead,US,31.594,-97.1089,54.1,60,100,6.91
663,Pitsunda,GE,43.1592,40.3378,48.38,65,100,3.91
664,Kralendijk,BQ,12.15,-68.2667,76.98,88,20,6.91
665,Khammam,IN,17.25,80.15,69.71,79,1,4.0
666,Poum,NC,-20.2333,164.0167,81.99,84,97,17.27
667,Saumur,FR,47.3333,-0.25,38.84,91,75,7.92
668,Gurupi,BR,-11.7292,-49.0686,79.72,68,82,3.51
669,Erenhot,CN,43.6475,111.9767,11.23,48,100,15.19
670,Tartagal,AR,-22.5164,-63.8013,67.53,90,100,9.08
671,Koslan,RU,63.4564,48.8989,16.86,97,100,3.27
672,Komsomolskiy,UZ,40.4272,71.7189,40.91,68,100,5.57
673,Tres Passos,BR,-27.4556,-53.9319,73.06,70,55,5.91
674,Tommot,RU,58.9564,126.2925,-11.13,94,100,8.63
675,Te Anau,NZ,-45.4167,167.7167,53.22,47,41,3.87
676,Kizhinga,RU,51.8462,109.9097,-4.41,75,72,12.28
677,Show Low,US,34.2542,-110.0298,53.89,33,0,25.32
678,Rundu,NA,-17.9333,19.7667,70.65,31,0,5.37
679,Oussouye,SN,12.485,-16.5469,75.61,69,18,9.37
680,Mitsamiouli,KM,-11.3847,43.2844,78.3,74,8,6.08
681,Pangai,TO,-19.8,-174.35,80.49,78,87,10.63
682,Karasjok,NO,69.4719,25.5112,22.98,99,99,0.51
683,Weligama,LK,5.9667,80.4167,74.93,90,54,3.33
684,Harwich,GB,51.9419,1.2844,46.0,91,79,4.0
685,Biak,ID,-0.9131,122.8766,77.86,80,99,3.65
686,Lufilufi,WS,-13.8745,-171.5986,89.38,73,12,6.89
687,Linxia,CN,35.6003,103.2064,23.79,36,36,2.04
688,Chipinge,ZW,-20.1883,32.6236,58.59,79,5,1.83
689,Las Vegas,US,36.175,-115.1372,63.28,29,40,17.27
690,Asau,RO,46.4333,26.4,27.52,95,100,1.68
691,Raga,SS,8.4596,25.678,77.45,32,100,3.06
692,Jalu,LY,29.0331,21.5482,57.27,44,0,6.2
693,Trincomalee,LK,8.5711,81.2335,79.57,80,36,5.73
694,Mahibadhoo,MV,3.7833,72.9667,79.57,76,92,2.91
695,Umea,SE,63.8284,20.2597,28.9,100,100,0.0
696,Tazovskiy,RU,67.4667,78.7,-3.33,98,99,10.11
697,Oga,IT,46.4631,10.347,27.03,81,98,2.33
698,Walvis Bay,NA,-22.9575,14.5053,61.09,83,2,17.05
699,Baisha,CN,26.5222,110.9311,32.32,90,99,2.35
700,Slobodskoy,RU,58.7322,50.1772,5.49,97,93,3.47
701,Vokhtoga,RU,58.8147,41.0461,6.73,96,90,2.51
702,Teshie,GH,5.5836,-0.1072,80.56,78,85,7.83
703,Hiranagar,IN,32.45,75.2667,59.86,39,100,1.36
704,Palana,RU,59.1167,159.9667,10.13,88,81,11.59
705,Illescas,ES,40.1221,-3.847,45.79,58,0,8.95
